GeoFIPS,GeoName,CountyFIPS,CountyName
10180,"Abilene, TX (MA)",48059,"Callahan, TX"
10180,"Abilene, TX (MA)",48253,"Jones, TX"
10180,"Abilene, TX (MA)",48441,"Taylor, TX"
10420,"Akron, OH (MA)",39133,"Portage, OH"
10420,"Akron, OH (MA)",39153,"Summit, OH"
10500,"Albany, GA (MA)",13095,"Dougherty, GA"
10500,"Albany, GA (MA)",13177,"Lee, GA"
10500,"Albany, GA (MA)",13273,"Terrell, GA"
10500,"Albany, GA (MA)",13321,"Worth, GA"
10540,"Albany-Lebanon, OR (MA)",41043,"Linn, OR"
10580,"Albany-Schenectady-Troy, NY (MA)",36001,"Albany, NY"
10580,"Albany-Schenectady-Troy, NY (MA)",36083,"Rensselaer, NY"
10580,"Albany-Schenectady-Troy, NY (MA)",36091,"Saratoga, NY"
10580,"Albany-Schenectady-Troy, NY (MA)",36093,"Schenectady, NY"
10580,"Albany-Schenectady-Troy, NY (MA)",36095,"Schoharie, NY"
10740,"Albuquerque, NM (MA)",35001,"Bernalillo, NM"
10740,"Albuquerque, NM (MA)",35043,"Sandoval, NM"
10740,"Albuquerque, NM (MA)",35057,"Torrance, NM"
10740,"Albuquerque, NM (MA)",35061,"Valencia, NM"
10780,"Alexandria, LA (MA)",22043,"Grant, LA"
10780,"Alexandria, LA (MA)",22079,"Rapides, LA"
10900,"Allentown-Bethlehem-Easton, PA-NJ (MA)",34041,"Warren, NJ"
10900,"Allentown-Bethlehem-Easton, PA-NJ (MA)",42025,"Carbon, PA"
10900,"Allentown-Bethlehem-Easton, PA-NJ (MA)",42077,"Lehigh, PA"
10900,"Allentown-Bethlehem-Easton, PA-NJ (MA)",42095,"Northampton, PA"
11020,"Altoona, PA (MA)",42013,"Blair, PA"
11100,"Amarillo, TX (MA)",48011,"Armstrong, TX"
11100,"Amarillo, TX (MA)",48065,"Carson, TX"
11100,"Amarillo, TX (MA)",48359,"Oldham, TX"
11100,"Amarillo, TX (MA)",48375,"Potter, TX"
11100,"Amarillo, TX (MA)",48381,"Randall, TX"
11180,"Ames, IA (MA)",19015,"Boone, IA"
11180,"Ames, IA (MA)",19169,"Story, IA"
11260,"Anchorage, AK (MA)",2020,"Anchorage Municipality, AK"
11260,"Anchorage, AK (MA)",2170,"Matanuska-Susitna Borough, AK"
11460,"Ann Arbor, MI (MA)",26161,"Washtenaw, MI"
11500,"Anniston-Oxford, AL (MA)",1015,"Calhoun, AL"
11540,"Appleton, WI (MA)",55015,"Calumet, WI"
11540,"Appleton, WI (MA)",55087,"Outagamie, WI"
11700,"Asheville, NC (MA)",37021,"Buncombe, NC"
11700,"Asheville, NC (MA)",37087,"Haywood, NC"
11700,"Asheville, NC (MA)",37089,"Henderson, NC"
11700,"Asheville, NC (MA)",37115,"Madison, NC"
12020,"Athens-Clarke County, GA (MA)",13059,"Clarke, GA"
12020,"Athens-Clarke County, GA (MA)",13195,"Madison, GA"
12020,"Athens-Clarke County, GA (MA)",13219,"Oconee, GA"
12020,"Athens-Clarke County, GA (MA)",13221,"Oglethorpe, GA"
12060,"Atlanta-Sandy Springs-Alpharetta, GA (MA)",13013,"Barrow, GA"
12060,"Atlanta-Sandy Springs-Alpharetta, GA (MA)",13015,"Bartow, GA"
12060,"Atlanta-Sandy Springs-Alpharetta, GA (MA)",13035,"Butts, GA"
12060,"Atlanta-Sandy Springs-Alpharetta, GA (MA)",13045,"Carroll, GA"
12060,"Atlanta-Sandy Springs-Alpharetta, GA (MA)",13057,"Cherokee, GA"
12060,"Atlanta-Sandy Springs-Alpharetta, GA (MA)",13063,"Clayton, GA"
12060,"Atlanta-Sandy Springs-Alpharetta, GA (MA)",13067,"Cobb, GA"
12060,"Atlanta-Sandy Springs-Alpharetta, GA (MA)",13077,"Coweta, GA"
12060,"Atlanta-Sandy Springs-Alpharetta, GA (MA)",13085,"Dawson, GA"
12060,"Atlanta-Sandy Springs-Alpharetta, GA (MA)",13089,"DeKalb, GA"
12060,"Atlanta-Sandy Springs-Alpharetta, GA (MA)",13097,"Douglas, GA"
12060,"Atlanta-Sandy Springs-Alpharetta, GA (MA)",13113,"Fayette, GA"
12060,"Atlanta-Sandy Springs-Alpharetta, GA (MA)",13117,"Forsyth, GA"
12060,"Atlanta-Sandy Springs-Alpharetta, GA (MA)",13121,"Fulton, GA"
12060,"Atlanta-Sandy Springs-Alpharetta, GA (MA)",13135,"Gwinnett, GA"
12060,"Atlanta-Sandy Springs-Alpharetta, GA (MA)",13143,"Haralson, GA"
12060,"Atlanta-Sandy Springs-Alpharetta, GA (MA)",13149,"Heard, GA"
12060,"Atlanta-Sandy Springs-Alpharetta, GA (MA)",13151,"Henry, GA"
12060,"Atlanta-Sandy Springs-Alpharetta, GA (MA)",13159,"Jasper, GA"
12060,"Atlanta-Sandy Springs-Alpharetta, GA (MA)",13171,"Lamar, GA"
12060,"Atlanta-Sandy Springs-Alpharetta, GA (MA)",13199,"Meriwether, GA"
12060,"Atlanta-Sandy Springs-Alpharetta, GA (MA)",13211,"Morgan, GA"
12060,"Atlanta-Sandy Springs-Alpharetta, GA (MA)",13217,"Newton, GA"
12060,"Atlanta-Sandy Springs-Alpharetta, GA (MA)",13223,"Paulding, GA"
12060,"Atlanta-Sandy Springs-Alpharetta, GA (MA)",13227,"Pickens, GA"
12060,"Atlanta-Sandy Springs-Alpharetta, GA (MA)",13231,"Pike, GA"
12060,"Atlanta-Sandy Springs-Alpharetta, GA (MA)",13247,"Rockdale, GA"
12060,"Atlanta-Sandy Springs-Alpharetta, GA (MA)",13255,"Spalding, GA"
12060,"Atlanta-Sandy Springs-Alpharetta, GA (MA)",13297,"Walton, GA"
12100,"Atlantic City-Hammonton, NJ (MA)",34001,"Atlantic, NJ"
12220,"Auburn-Opelika, AL (MA)",1081,"Lee, AL"
12260,"Augusta-Richmond County, GA-SC (MA)",13033,"Burke, GA"
12260,"Augusta-Richmond County, GA-SC (MA)",13073,"Columbia, GA"
12260,"Augusta-Richmond County, GA-SC (MA)",13181,"Lincoln, GA"
12260,"Augusta-Richmond County, GA-SC (MA)",13189,"McDuffie, GA"
12260,"Augusta-Richmond County, GA-SC (MA)",13245,"Richmond, GA"
12260,"Augusta-Richmond County, GA-SC (MA)",45003,"Aiken, SC"
12260,"Augusta-Richmond County, GA-SC (MA)",45037,"Edgefield, SC"
12420,"Austin-Round Rock-Georgetown, TX (MA)",48021,"Bastrop, TX"
12420,"Austin-Round Rock-Georgetown, TX (MA)",48055,"Caldwell, TX"
12420,"Austin-Round Rock-Georgetown, TX (MA)",48209,"Hays, TX"
12420,"Austin-Round Rock-Georgetown, TX (MA)",48453,"Travis, TX"
12420,"Austin-Round Rock-Georgetown, TX (MA)",48491,"Williamson, TX"
12540,"Bakersfield, CA (MA)",6029,"Kern, CA"
12580,"Baltimore-Columbia-Towson, MD (MA)",24003,"Anne Arundel, MD"
12580,"Baltimore-Columbia-Towson, MD (MA)",24005,"Baltimore, MD"
12580,"Baltimore-Columbia-Towson, MD (MA)",24013,"Carroll, MD"
12580,"Baltimore-Columbia-Towson, MD (MA)",24025,"Harford, MD"
12580,"Baltimore-Columbia-Towson, MD (MA)",24027,"Howard, MD"
12580,"Baltimore-Columbia-Towson, MD (MA)",24035,"Queen Anne's, MD"
12580,"Baltimore-Columbia-Towson, MD (MA)",24510,"Baltimore (Independent City), MD"
12620,"Bangor, ME (MA)",23019,"Penobscot, ME"
12700,"Barnstable Town, MA (MA)",25001,"Barnstable, MA"
12940,"Baton Rouge, LA (MA)",22005,"Ascension, LA"
12940,"Baton Rouge, LA (MA)",22007,"Assumption, LA"
12940,"Baton Rouge, LA (MA)",22033,"East Baton Rouge, LA"
12940,"Baton Rouge, LA (MA)",22037,"East Feliciana, LA"
12940,"Baton Rouge, LA (MA)",22047,"Iberville, LA"
12940,"Baton Rouge, LA (MA)",22063,"Livingston, LA"
12940,"Baton Rouge, LA (MA)",22077,"Pointe Coupee, LA"
12940,"Baton Rouge, LA (MA)",22091,"St. Helena, LA"
12940,"Baton Rouge, LA (MA)",22121,"West Baton Rouge, LA"
12940,"Baton Rouge, LA (MA)",22125,"West Feliciana, LA"
12980,"Battle Creek, MI (MA)",26025,"Calhoun, MI"
13020,"Bay City, MI (MA)",26017,"Bay, MI"
13140,"Beaumont-Port Arthur, TX (MA)",48199,"Hardin, TX"
13140,"Beaumont-Port Arthur, TX (MA)",48245,"Jefferson, TX"
13140,"Beaumont-Port Arthur, TX (MA)",48361,"Orange, TX"
13220,"Beckley, WV (MA)",54019,"Fayette, WV"
13220,"Beckley, WV (MA)",54081,"Raleigh, WV"
13380,"Bellingham, WA (MA)",53073,"Whatcom, WA"
13460,"Bend, OR (MA)",41017,"Deschutes, OR"
13740,"Billings, MT (MA)",30009,"Carbon, MT"
13740,"Billings, MT (MA)",30095,"Stillwater, MT"
13740,"Billings, MT (MA)",30111,"Yellowstone, MT"
13780,"Binghamton, NY (MA)",36007,"Broome, NY"
13780,"Binghamton, NY (MA)",36107,"Tioga, NY"
13820,"Birmingham-Hoover, AL (MA)",1007,"Bibb, AL"
13820,"Birmingham-Hoover, AL (MA)",1009,"Blount, AL"
13820,"Birmingham-Hoover, AL (MA)",1021,"Chilton, AL"
13820,"Birmingham-Hoover, AL (MA)",1073,"Jefferson, AL"
13820,"Birmingham-Hoover, AL (MA)",1115,"St. Clair, AL"
13820,"Birmingham-Hoover, AL (MA)",1117,"Shelby, AL"
13900,"Bismarck, ND (MA)",38015,"Burleigh, ND"
13900,"Bismarck, ND (MA)",38059,"Morton, ND"
13900,"Bismarck, ND (MA)",38065,"Oliver, ND"
13980,"Blacksburg-Christiansburg, VA (MA)",51071,"Giles, VA"
13980,"Blacksburg-Christiansburg, VA (MA)",51155,"Pulaski, VA"
13980,"Blacksburg-Christiansburg, VA (MA)",51933,"Montgomery + Radford, VA"
14010,"Bloomington, IL (MA)",17113,"McLean, IL"
14020,"Bloomington, IN (MA)",18105,"Monroe, IN"
14020,"Bloomington, IN (MA)",18119,"Owen, IN"
14100,"Bloomsburg-Berwick, PA (MA)",42037,"Columbia, PA"
14100,"Bloomsburg-Berwick, PA (MA)",42093,"Montour, PA"
14260,"Boise City, ID (MA)",16001,"Ada, ID"
14260,"Boise City, ID (MA)",16015,"Boise, ID"
14260,"Boise City, ID (MA)",16027,"Canyon, ID"
14260,"Boise City, ID (MA)",16045,"Gem, ID"
14260,"Boise City, ID (MA)",16073,"Owyhee, ID"
14460,"Boston-Cambridge-Newton, MA-NH (MA)",25009,"Essex, MA"
14460,"Boston-Cambridge-Newton, MA-NH (MA)",25017,"Middlesex, MA"
14460,"Boston-Cambridge-Newton, MA-NH (MA)",25021,"Norfolk, MA"
14460,"Boston-Cambridge-Newton, MA-NH (MA)",25023,"Plymouth, MA"
14460,"Boston-Cambridge-Newton, MA-NH (MA)",25025,"Suffolk, MA"
14460,"Boston-Cambridge-Newton, MA-NH (MA)",33015,"Rockingham, NH"
14460,"Boston-Cambridge-Newton, MA-NH (MA)",33017,"Strafford, NH"
14500,"Boulder, CO (MA)",8013,"Boulder, CO"
14540,"Bowling Green, KY (MA)",21003,"Allen, KY"
14540,"Bowling Green, KY (MA)",21031,"Butler, KY"
14540,"Bowling Green, KY (MA)",21061,"Edmonson, KY"
14540,"Bowling Green, KY (MA)",21227,"Warren, KY"
14740,"Bremerton-Silverdale-Port Orchard, WA (MA)",53035,"Kitsap, WA"
14860,"Bridgeport-Stamford-Norwalk, CT (MA)",9001,"Fairfield, CT"
15180,"Brownsville-Harlingen, TX (MA)",48061,"Cameron, TX"
15260,"Brunswick, GA (MA)",13025,"Brantley, GA"
15260,"Brunswick, GA (MA)",13127,"Glynn, GA"
15260,"Brunswick, GA (MA)",13191,"McIntosh, GA"
15380,"Buffalo-Cheektowaga, NY (MA)",36029,"Erie, NY"
15380,"Buffalo-Cheektowaga, NY (MA)",36063,"Niagara, NY"
15500,"Burlington, NC (MA)",37001,"Alamance, NC"
15540,"Burlington-South Burlington, VT (MA)",50007,"Chittenden, VT"
15540,"Burlington-South Burlington, VT (MA)",50011,"Franklin, VT"
15540,"Burlington-South Burlington, VT (MA)",50013,"Grand Isle, VT"
15680,"California-Lexington Park, MD (MA)",24037,"St. Mary's, MD"
15940,"Canton-Massillon, OH (MA)",39019,"Carroll, OH"
15940,"Canton-Massillon, OH (MA)",39151,"Stark, OH"
15980,"Cape Coral-Fort Myers, FL (MA)",12071,"Lee, FL"
16020,"Cape Girardeau, MO-IL (MA)",17003,"Alexander, IL"
16020,"Cape Girardeau, MO-IL (MA)",29017,"Bollinger, MO"
16020,"Cape Girardeau, MO-IL (MA)",29031,"Cape Girardeau, MO"
16060,"Carbondale-Marion, IL (MA)",17077,"Jackson, IL"
16060,"Carbondale-Marion, IL (MA)",17087,"Johnson, IL"
16060,"Carbondale-Marion, IL (MA)",17199,"Williamson, IL"
16180,"Carson City, NV (MA)",32510,"Carson City (Independent City), NV"
16220,"Casper, WY (MA)",56025,"Natrona, WY"
16300,"Cedar Rapids, IA (MA)",19011,"Benton, IA"
16300,"Cedar Rapids, IA (MA)",19105,"Jones, IA"
16300,"Cedar Rapids, IA (MA)",19113,"Linn, IA"
16540,"Chambersburg-Waynesboro, PA (MA)",42055,"Franklin, PA"
16580,"Champaign-Urbana, IL (MA)",17019,"Champaign, IL"
16580,"Champaign-Urbana, IL (MA)",17147,"Piatt, IL"
16620,"Charleston, WV (MA)",54005,"Boone, WV"
16620,"Charleston, WV (MA)",54015,"Clay, WV"
16620,"Charleston, WV (MA)",54035,"Jackson, WV"
16620,"Charleston, WV (MA)",54039,"Kanawha, WV"
16620,"Charleston, WV (MA)",54043,"Lincoln, WV"
16700,"Charleston-North Charleston, SC (MA)",45015,"Berkeley, SC"
16700,"Charleston-North Charleston, SC (MA)",45019,"Charleston, SC"
16700,"Charleston-North Charleston, SC (MA)",45035,"Dorchester, SC"
16740,"Charlotte-Concord-Gastonia, NC-SC (MA)",37007,"Anson, NC"
16740,"Charlotte-Concord-Gastonia, NC-SC (MA)",37025,"Cabarrus, NC"
16740,"Charlotte-Concord-Gastonia, NC-SC (MA)",37071,"Gaston, NC"
16740,"Charlotte-Concord-Gastonia, NC-SC (MA)",37097,"Iredell, NC"
16740,"Charlotte-Concord-Gastonia, NC-SC (MA)",37109,"Lincoln, NC"
16740,"Charlotte-Concord-Gastonia, NC-SC (MA)",37119,"Mecklenburg, NC"
16740,"Charlotte-Concord-Gastonia, NC-SC (MA)",37159,"Rowan, NC"
16740,"Charlotte-Concord-Gastonia, NC-SC (MA)",37179,"Union, NC"
16740,"Charlotte-Concord-Gastonia, NC-SC (MA)",45023,"Chester, SC"
16740,"Charlotte-Concord-Gastonia, NC-SC (MA)",45057,"Lancaster, SC"
16740,"Charlotte-Concord-Gastonia, NC-SC (MA)",45091,"York, SC"
16820,"Charlottesville, VA (MA)",51065,"Fluvanna, VA"
16820,"Charlottesville, VA (MA)",51079,"Greene, VA"
16820,"Charlottesville, VA (MA)",51125,"Nelson, VA"
16820,"Charlottesville, VA (MA)",51901,"Albemarle + Charlottesville, VA"
16860,"Chattanooga, TN-GA (MA)",13047,"Catoosa, GA"
16860,"Chattanooga, TN-GA (MA)",13083,"Dade, GA"
16860,"Chattanooga, TN-GA (MA)",13295,"Walker, GA"
16860,"Chattanooga, TN-GA (MA)",47065,"Hamilton, TN"
16860,"Chattanooga, TN-GA (MA)",47115,"Marion, TN"
16860,"Chattanooga, TN-GA (MA)",47153,"Sequatchie, TN"
16940,"Cheyenne, WY (MA)",56021,"Laramie, WY"
16980,"Chicago-Naperville-Elgin, IL-IN-WI (MA)",17031,"Cook, IL"
16980,"Chicago-Naperville-Elgin, IL-IN-WI (MA)",17037,"DeKalb, IL"
16980,"Chicago-Naperville-Elgin, IL-IN-WI (MA)",17043,"DuPage, IL"
16980,"Chicago-Naperville-Elgin, IL-IN-WI (MA)",17063,"Grundy, IL"
16980,"Chicago-Naperville-Elgin, IL-IN-WI (MA)",17089,"Kane, IL"
16980,"Chicago-Naperville-Elgin, IL-IN-WI (MA)",17093,"Kendall, IL"
16980,"Chicago-Naperville-Elgin, IL-IN-WI (MA)",17097,"Lake, IL"
16980,"Chicago-Naperville-Elgin, IL-IN-WI (MA)",17111,"McHenry, IL"
16980,"Chicago-Naperville-Elgin, IL-IN-WI (MA)",17197,"Will, IL"
16980,"Chicago-Naperville-Elgin, IL-IN-WI (MA)",18073,"Jasper, IN"
16980,"Chicago-Naperville-Elgin, IL-IN-WI (MA)",18089,"Lake, IN"
16980,"Chicago-Naperville-Elgin, IL-IN-WI (MA)",18111,"Newton, IN"
16980,"Chicago-Naperville-Elgin, IL-IN-WI (MA)",18127,"Porter, IN"
16980,"Chicago-Naperville-Elgin, IL-IN-WI (MA)",55059,"Kenosha, WI"
17020,"Chico, CA (MA)",6007,"Butte, CA"
17140,"Cincinnati, OH-KY-IN (MA)",18029,"Dearborn, IN"
17140,"Cincinnati, OH-KY-IN (MA)",18047,"Franklin, IN"
17140,"Cincinnati, OH-KY-IN (MA)",18115,"Ohio, IN"
17140,"Cincinnati, OH-KY-IN (MA)",18161,"Union, IN"
17140,"Cincinnati, OH-KY-IN (MA)",21015,"Boone, KY"
17140,"Cincinnati, OH-KY-IN (MA)",21023,"Bracken, KY"
17140,"Cincinnati, OH-KY-IN (MA)",21037,"Campbell, KY"
17140,"Cincinnati, OH-KY-IN (MA)",21077,"Gallatin, KY"
17140,"Cincinnati, OH-KY-IN (MA)",21081,"Grant, KY"
17140,"Cincinnati, OH-KY-IN (MA)",21117,"Kenton, KY"
17140,"Cincinnati, OH-KY-IN (MA)",21191,"Pendleton, KY"
17140,"Cincinnati, OH-KY-IN (MA)",39015,"Brown, OH"
17140,"Cincinnati, OH-KY-IN (MA)",39017,"Butler, OH"
17140,"Cincinnati, OH-KY-IN (MA)",39025,"Clermont, OH"
17140,"Cincinnati, OH-KY-IN (MA)",39061,"Hamilton, OH"
17140,"Cincinnati, OH-KY-IN (MA)",39165,"Warren, OH"
17300,"Clarksville, TN-KY (MA)",21047,"Christian, KY"
17300,"Clarksville, TN-KY (MA)",21221,"Trigg, KY"
17300,"Clarksville, TN-KY (MA)",47125,"Montgomery, TN"
17300,"Clarksville, TN-KY (MA)",47161,"Stewart, TN"
17420,"Cleveland, TN (MA)",47011,"Bradley, TN"
17420,"Cleveland, TN (MA)",47139,"Polk, TN"
17460,"Cleveland-Elyria, OH (MA)",39035,"Cuyahoga, OH"
17460,"Cleveland-Elyria, OH (MA)",39055,"Geauga, OH"
17460,"Cleveland-Elyria, OH (MA)",39085,"Lake, OH"
17460,"Cleveland-Elyria, OH (MA)",39093,"Lorain, OH"
17460,"Cleveland-Elyria, OH (MA)",39103,"Medina, OH"
17660,"Coeur d'Alene, ID (MA)",16055,"Kootenai, ID"
17780,"College Station-Bryan, TX (MA)",48041,"Brazos, TX"
17780,"College Station-Bryan, TX (MA)",48051,"Burleson, TX"
17780,"College Station-Bryan, TX (MA)",48395,"Robertson, TX"
17820,"Colorado Springs, CO (MA)",8041,"El Paso, CO"
17820,"Colorado Springs, CO (MA)",8119,"Teller, CO"
17860,"Columbia, MO (MA)",29019,"Boone, MO"
17860,"Columbia, MO (MA)",29053,"Cooper, MO"
17860,"Columbia, MO (MA)",29089,"Howard, MO"
17900,"Columbia, SC (MA)",45017,"Calhoun, SC"
17900,"Columbia, SC (MA)",45039,"Fairfield, SC"
17900,"Columbia, SC (MA)",45055,"Kershaw, SC"
17900,"Columbia, SC (MA)",45063,"Lexington, SC"
17900,"Columbia, SC (MA)",45079,"Richland, SC"
17900,"Columbia, SC (MA)",45081,"Saluda, SC"
17980,"Columbus, GA-AL (MA)",1113,"Russell, AL"
17980,"Columbus, GA-AL (MA)",13053,"Chattahoochee, GA"
17980,"Columbus, GA-AL (MA)",13145,"Harris, GA"
17980,"Columbus, GA-AL (MA)",13197,"Marion, GA"
17980,"Columbus, GA-AL (MA)",13215,"Muscogee, GA"
17980,"Columbus, GA-AL (MA)",13259,"Stewart, GA"
17980,"Columbus, GA-AL (MA)",13263,"Talbot, GA"
18020,"Columbus, IN (MA)",18005,"Bartholomew, IN"
18140,"Columbus, OH (MA)",39041,"Delaware, OH"
18140,"Columbus, OH (MA)",39045,"Fairfield, OH"
18140,"Columbus, OH (MA)",39049,"Franklin, OH"
18140,"Columbus, OH (MA)",39073,"Hocking, OH"
18140,"Columbus, OH (MA)",39089,"Licking, OH"
18140,"Columbus, OH (MA)",39097,"Madison, OH"
18140,"Columbus, OH (MA)",39117,"Morrow, OH"
18140,"Columbus, OH (MA)",39127,"Perry, OH"
18140,"Columbus, OH (MA)",39129,"Pickaway, OH"
18140,"Columbus, OH (MA)",39159,"Union, OH"
18580,"Corpus Christi, TX (MA)",48355,"Nueces, TX"
18580,"Corpus Christi, TX (MA)",48409,"San Patricio, TX"
18700,"Corvallis, OR (MA)",41003,"Benton, OR"
18880,"Crestview-Fort Walton Beach-Destin, FL (MA)",12091,"Okaloosa, FL"
18880,"Crestview-Fort Walton Beach-Destin, FL (MA)",12131,"Walton, FL"
19060,"Cumberland, MD-WV (MA)",24001,"Allegany, MD"
19060,"Cumberland, MD-WV (MA)",54057,"Mineral, WV"
19100,"Dallas-Fort Worth-Arlington, TX (MA)",48085,"Collin, TX"
19100,"Dallas-Fort Worth-Arlington, TX (MA)",48113,"Dallas, TX"
19100,"Dallas-Fort Worth-Arlington, TX (MA)",48121,"Denton, TX"
19100,"Dallas-Fort Worth-Arlington, TX (MA)",48139,"Ellis, TX"
19100,"Dallas-Fort Worth-Arlington, TX (MA)",48231,"Hunt, TX"
19100,"Dallas-Fort Worth-Arlington, TX (MA)",48251,"Johnson, TX"
19100,"Dallas-Fort Worth-Arlington, TX (MA)",48257,"Kaufman, TX"
19100,"Dallas-Fort Worth-Arlington, TX (MA)",48367,"Parker, TX"
19100,"Dallas-Fort Worth-Arlington, TX (MA)",48397,"Rockwall, TX"
19100,"Dallas-Fort Worth-Arlington, TX (MA)",48439,"Tarrant, TX"
19100,"Dallas-Fort Worth-Arlington, TX (MA)",48497,"Wise, TX"
19140,"Dalton, GA (MA)",13213,"Murray, GA"
19140,"Dalton, GA (MA)",13313,"Whitfield, GA"
19180,"Danville, IL (MA)",17183,"Vermilion, IL"
19300,"Daphne-Fairhope-Foley, AL (MA)",1003,"Baldwin, AL"
19340,"Davenport-Moline-Rock Island, IA-IL (MA)",17073,"Henry, IL"
19340,"Davenport-Moline-Rock Island, IA-IL (MA)",17131,"Mercer, IL"
19340,"Davenport-Moline-Rock Island, IA-IL (MA)",17161,"Rock Island, IL"
19340,"Davenport-Moline-Rock Island, IA-IL (MA)",19163,"Scott, IA"
19430,"Dayton-Kettering, OH (MA)",39057,"Greene, OH"
19430,"Dayton-Kettering, OH (MA)",39109,"Miami, OH"
19430,"Dayton-Kettering, OH (MA)",39113,"Montgomery, OH"
19460,"Decatur, AL (MA)",1079,"Lawrence, AL"
19460,"Decatur, AL (MA)",1103,"Morgan, AL"
19500,"Decatur, IL (MA)",17115,"Macon, IL"
19660,"Deltona-Daytona Beach-Ormond Beach, FL (MA)",12035,"Flagler, FL"
19660,"Deltona-Daytona Beach-Ormond Beach, FL (MA)",12127,"Volusia, FL"
19740,"Denver-Aurora-Lakewood, CO (MA)",8001,"Adams, CO"
19740,"Denver-Aurora-Lakewood, CO (MA)",8005,"Arapahoe, CO"
19740,"Denver-Aurora-Lakewood, CO (MA)",8014,"Broomfield, CO"
19740,"Denver-Aurora-Lakewood, CO (MA)",8019,"Clear Creek, CO"
19740,"Denver-Aurora-Lakewood, CO (MA)",8031,"Denver, CO"
19740,"Denver-Aurora-Lakewood, CO (MA)",8035,"Douglas, CO"
19740,"Denver-Aurora-Lakewood, CO (MA)",8039,"Elbert, CO"
19740,"Denver-Aurora-Lakewood, CO (MA)",8047,"Gilpin, CO"
19740,"Denver-Aurora-Lakewood, CO (MA)",8059,"Jefferson, CO"
19740,"Denver-Aurora-Lakewood, CO (MA)",8093,"Park, CO"
19780,"Des Moines-West Des Moines, IA (MA)",19049,"Dallas, IA"
19780,"Des Moines-West Des Moines, IA (MA)",19077,"Guthrie, IA"
19780,"Des Moines-West Des Moines, IA (MA)",19099,"Jasper, IA"
19780,"Des Moines-West Des Moines, IA (MA)",19121,"Madison, IA"
19780,"Des Moines-West Des Moines, IA (MA)",19153,"Polk, IA"
19780,"Des Moines-West Des Moines, IA (MA)",19181,"Warren, IA"
19820,"Detroit-Warren-Dearborn, MI (MA)",26087,"Lapeer, MI"
19820,"Detroit-Warren-Dearborn, MI (MA)",26093,"Livingston, MI"
19820,"Detroit-Warren-Dearborn, MI (MA)",26099,"Macomb, MI"
19820,"Detroit-Warren-Dearborn, MI (MA)",26125,"Oakland, MI"
19820,"Detroit-Warren-Dearborn, MI (MA)",26147,"St. Clair, MI"
19820,"Detroit-Warren-Dearborn, MI (MA)",26163,"Wayne, MI"
20020,"Dothan, AL (MA)",1061,"Geneva, AL"
20020,"Dothan, AL (MA)",1067,"Henry, AL"
20020,"Dothan, AL (MA)",1069,"Houston, AL"
20100,"Dover, DE (MA)",10001,"Kent, DE"
20220,"Dubuque, IA (MA)",19061,"Dubuque, IA"
20260,"Duluth, MN-WI (MA)",27017,"Carlton, MN"
20260,"Duluth, MN-WI (MA)",27075,"Lake, MN"
20260,"Duluth, MN-WI (MA)",27137,"St. Louis, MN"
20260,"Duluth, MN-WI (MA)",55031,"Douglas, WI"
20500,"Durham-Chapel Hill, NC (MA)",37037,"Chatham, NC"
20500,"Durham-Chapel Hill, NC (MA)",37063,"Durham, NC"
20500,"Durham-Chapel Hill, NC (MA)",37077,"Granville, NC"
20500,"Durham-Chapel Hill, NC (MA)",37135,"Orange, NC"
20500,"Durham-Chapel Hill, NC (MA)",37145,"Person, NC"
20700,"East Stroudsburg, PA (MA)",42089,"Monroe, PA"
20740,"Eau Claire, WI (MA)",55017,"Chippewa, WI"
20740,"Eau Claire, WI (MA)",55035,"Eau Claire, WI"
20940,"El Centro, CA (MA)",6025,"Imperial, CA"
21060,"Elizabethtown-Fort Knox, KY (MA)",21093,"Hardin, KY"
21060,"Elizabethtown-Fort Knox, KY (MA)",21123,"Larue, KY"
21060,"Elizabethtown-Fort Knox, KY (MA)",21163,"Meade, KY"
21140,"Elkhart-Goshen, IN (MA)",18039,"Elkhart, IN"
21300,"Elmira, NY (MA)",36015,"Chemung, NY"
21340,"El Paso, TX (MA)",48141,"El Paso, TX"
21340,"El Paso, TX (MA)",48229,"Hudspeth, TX"
21420,"Enid, OK (MA)",40047,"Garfield, OK"
21500,"Erie, PA (MA)",42049,"Erie, PA"
21660,"Eugene-Springfield, OR (MA)",41039,"Lane, OR"
21780,"Evansville, IN-KY (MA)",18129,"Posey, IN"
21780,"Evansville, IN-KY (MA)",18163,"Vanderburgh, IN"
21780,"Evansville, IN-KY (MA)",18173,"Warrick, IN"
21780,"Evansville, IN-KY (MA)",21101,"Henderson, KY"
21820,"Fairbanks, AK (MA)",2090,"Fairbanks North Star Borough, AK"
22020,"Fargo, ND-MN (MA)",27027,"Clay, MN"
22020,"Fargo, ND-MN (MA)",38017,"Cass, ND"
22140,"Farmington, NM (MA)",35045,"San Juan, NM"
22180,"Fayetteville, NC (MA)",37051,"Cumberland, NC"
22180,"Fayetteville, NC (MA)",37085,"Harnett, NC"
22180,"Fayetteville, NC (MA)",37093,"Hoke, NC"
22220,"Fayetteville-Springdale-Rogers, AR (MA)",5007,"Benton, AR"
22220,"Fayetteville-Springdale-Rogers, AR (MA)",5087,"Madison, AR"
22220,"Fayetteville-Springdale-Rogers, AR (MA)",5143,"Washington, AR"
22380,"Flagstaff, AZ (MA)",4005,"Coconino, AZ"
22420,"Flint, MI (MA)",26049,"Genesee, MI"
22500,"Florence, SC (MA)",45031,"Darlington, SC"
22500,"Florence, SC (MA)",45041,"Florence, SC"
22520,"Florence-Muscle Shoals, AL (MA)",1033,"Colbert, AL"
22520,"Florence-Muscle Shoals, AL (MA)",1077,"Lauderdale, AL"
22540,"Fond du Lac, WI (MA)",55039,"Fond du Lac, WI"
22660,"Fort Collins, CO (MA)",8069,"Larimer, CO"
22900,"Fort Smith, AR-OK (MA)",5033,"Crawford, AR"
22900,"Fort Smith, AR-OK (MA)",5047,"Franklin, AR"
22900,"Fort Smith, AR-OK (MA)",5131,"Sebastian, AR"
22900,"Fort Smith, AR-OK (MA)",40135,"Sequoyah, OK"
23060,"Fort Wayne, IN (MA)",18003,"Allen, IN"
23060,"Fort Wayne, IN (MA)",18183,"Whitley, IN"
23420,"Fresno, CA (MA)",6019,"Fresno, CA"
23460,"Gadsden, AL (MA)",1055,"Etowah, AL"
23540,"Gainesville, FL (MA)",12001,"Alachua, FL"
23540,"Gainesville, FL (MA)",12041,"Gilchrist, FL"
23540,"Gainesville, FL (MA)",12075,"Levy, FL"
23580,"Gainesville, GA (MA)",13139,"Hall, GA"
23900,"Gettysburg, PA (MA)",42001,"Adams, PA"
24020,"Glens Falls, NY (MA)",36113,"Warren, NY"
24020,"Glens Falls, NY (MA)",36115,"Washington, NY"
24140,"Goldsboro, NC (MA)",37191,"Wayne, NC"
24220,"Grand Forks, ND-MN (MA)",27119,"Polk, MN"
24220,"Grand Forks, ND-MN (MA)",38035,"Grand Forks, ND"
24260,"Grand Island, NE (MA)",31079,"Hall, NE"
24260,"Grand Island, NE (MA)",31093,"Howard, NE"
24260,"Grand Island, NE (MA)",31121,"Merrick, NE"
24300,"Grand Junction, CO (MA)",8077,"Mesa, CO"
24340,"Grand Rapids-Kentwood, MI (MA)",26067,"Ionia, MI"
24340,"Grand Rapids-Kentwood, MI (MA)",26081,"Kent, MI"
24340,"Grand Rapids-Kentwood, MI (MA)",26117,"Montcalm, MI"
24340,"Grand Rapids-Kentwood, MI (MA)",26139,"Ottawa, MI"
24420,"Grants Pass, OR (MA)",41033,"Josephine, OR"
24500,"Great Falls, MT (MA)",30013,"Cascade, MT"
24540,"Greeley, CO (MA)",8123,"Weld, CO"
24580,"Green Bay, WI (MA)",55009,"Brown, WI"
24580,"Green Bay, WI (MA)",55061,"Kewaunee, WI"
24580,"Green Bay, WI (MA)",55083,"Oconto, WI"
24660,"Greensboro-High Point, NC (MA)",37081,"Guilford, NC"
24660,"Greensboro-High Point, NC (MA)",37151,"Randolph, NC"
24660,"Greensboro-High Point, NC (MA)",37157,"Rockingham, NC"
24780,"Greenville, NC (MA)",37147,"Pitt, NC"
24860,"Greenville-Anderson, SC (MA)",45007,"Anderson, SC"
24860,"Greenville-Anderson, SC (MA)",45045,"Greenville, SC"
24860,"Greenville-Anderson, SC (MA)",45059,"Laurens, SC"
24860,"Greenville-Anderson, SC (MA)",45077,"Pickens, SC"
25060,"Gulfport-Biloxi, MS (MA)",28045,"Hancock, MS"
25060,"Gulfport-Biloxi, MS (MA)",28047,"Harrison, MS"
25060,"Gulfport-Biloxi, MS (MA)",28059,"Jackson, MS"
25060,"Gulfport-Biloxi, MS (MA)",28131,"Stone, MS"
25180,"Hagerstown-Martinsburg, MD-WV (MA)",24043,"Washington, MD"
25180,"Hagerstown-Martinsburg, MD-WV (MA)",54003,"Berkeley, WV"
25180,"Hagerstown-Martinsburg, MD-WV (MA)",54065,"Morgan, WV"
25220,"Hammond, LA (MA)",22105,"Tangipahoa, LA"
25260,"Hanford-Corcoran, CA (MA)",6031,"Kings, CA"
25420,"Harrisburg-Carlisle, PA (MA)",42041,"Cumberland, PA"
25420,"Harrisburg-Carlisle, PA (MA)",42043,"Dauphin, PA"
25420,"Harrisburg-Carlisle, PA (MA)",42099,"Perry, PA"
25500,"Harrisonburg, VA (MA)",51947,"Rockingham + Harrisonburg, VA"
25540,"Hartford-East Hartford-Middletown, CT (MA)",9003,"Hartford, CT"
25540,"Hartford-East Hartford-Middletown, CT (MA)",9007,"Middlesex, CT"
25540,"Hartford-East Hartford-Middletown, CT (MA)",9013,"Tolland, CT"
25620,"Hattiesburg, MS (MA)",28031,"Covington, MS"
25620,"Hattiesburg, MS (MA)",28035,"Forrest, MS"
25620,"Hattiesburg, MS (MA)",28073,"Lamar, MS"
25620,"Hattiesburg, MS (MA)",28111,"Perry, MS"
25860,"Hickory-Lenoir-Morganton, NC (MA)",37003,"Alexander, NC"
25860,"Hickory-Lenoir-Morganton, NC (MA)",37023,"Burke, NC"
25860,"Hickory-Lenoir-Morganton, NC (MA)",37027,"Caldwell, NC"
25860,"Hickory-Lenoir-Morganton, NC (MA)",37035,"Catawba, NC"
25940,"Hilton Head Island-Bluffton, SC (MA)",45013,"Beaufort, SC"
25940,"Hilton Head Island-Bluffton, SC (MA)",45053,"Jasper, SC"
25980,"Hinesville, GA (MA)",13179,"Liberty, GA"
25980,"Hinesville, GA (MA)",13183,"Long, GA"
26140,"Homosassa Springs, FL (MA)",12017,"Citrus, FL"
26300,"Hot Springs, AR (MA)",5051,"Garland, AR"
26380,"Houma-Thibodaux, LA (MA)",22057,"Lafourche, LA"
26380,"Houma-Thibodaux, LA (MA)",22109,"Terrebonne, LA"
26420,"Houston-The Woodlands-Sugar Land, TX (MA)",48015,"Austin, TX"
26420,"Houston-The Woodlands-Sugar Land, TX (MA)",48039,"Brazoria, TX"
26420,"Houston-The Woodlands-Sugar Land, TX (MA)",48071,"Chambers, TX"
26420,"Houston-The Woodlands-Sugar Land, TX (MA)",48157,"Fort Bend, TX"
26420,"Houston-The Woodlands-Sugar Land, TX (MA)",48167,"Galveston, TX"
26420,"Houston-The Woodlands-Sugar Land, TX (MA)",48201,"Harris, TX"
26420,"Houston-The Woodlands-Sugar Land, TX (MA)",48291,"Liberty, TX"
26420,"Houston-The Woodlands-Sugar Land, TX (MA)",48339,"Montgomery, TX"
26420,"Houston-The Woodlands-Sugar Land, TX (MA)",48473,"Waller, TX"
26580,"Huntington-Ashland, WV-KY-OH (MA)",21019,"Boyd, KY"
26580,"Huntington-Ashland, WV-KY-OH (MA)",21043,"Carter, KY"
26580,"Huntington-Ashland, WV-KY-OH (MA)",21089,"Greenup, KY"
26580,"Huntington-Ashland, WV-KY-OH (MA)",39087,"Lawrence, OH"
26580,"Huntington-Ashland, WV-KY-OH (MA)",54011,"Cabell, WV"
26580,"Huntington-Ashland, WV-KY-OH (MA)",54079,"Putnam, WV"
26580,"Huntington-Ashland, WV-KY-OH (MA)",54099,"Wayne, WV"
26620,"Huntsville, AL (MA)",1083,"Limestone, AL"
26620,"Huntsville, AL (MA)",1089,"Madison, AL"
26820,"Idaho Falls, ID (MA)",16019,"Bonneville, ID"
26820,"Idaho Falls, ID (MA)",16023,"Butte, ID"
26820,"Idaho Falls, ID (MA)",16051,"Jefferson, ID"
26900,"Indianapolis-Carmel-Anderson, IN (MA)",18011,"Boone, IN"
26900,"Indianapolis-Carmel-Anderson, IN (MA)",18013,"Brown, IN"
26900,"Indianapolis-Carmel-Anderson, IN (MA)",18057,"Hamilton, IN"
26900,"Indianapolis-Carmel-Anderson, IN (MA)",18059,"Hancock, IN"
26900,"Indianapolis-Carmel-Anderson, IN (MA)",18063,"Hendricks, IN"
26900,"Indianapolis-Carmel-Anderson, IN (MA)",18081,"Johnson, IN"
26900,"Indianapolis-Carmel-Anderson, IN (MA)",18095,"Madison, IN"
26900,"Indianapolis-Carmel-Anderson, IN (MA)",18097,"Marion, IN"
26900,"Indianapolis-Carmel-Anderson, IN (MA)",18109,"Morgan, IN"
26900,"Indianapolis-Carmel-Anderson, IN (MA)",18133,"Putnam, IN"
26900,"Indianapolis-Carmel-Anderson, IN (MA)",18145,"Shelby, IN"
26980,"Iowa City, IA (MA)",19103,"Johnson, IA"
26980,"Iowa City, IA (MA)",19183,"Washington, IA"
27060,"Ithaca, NY (MA)",36109,"Tompkins, NY"
27100,"Jackson, MI (MA)",26075,"Jackson, MI"
27140,"Jackson, MS (MA)",28029,"Copiah, MS"
27140,"Jackson, MS (MA)",28049,"Hinds, MS"
27140,"Jackson, MS (MA)",28051,"Holmes, MS"
27140,"Jackson, MS (MA)",28089,"Madison, MS"
27140,"Jackson, MS (MA)",28121,"Rankin, MS"
27140,"Jackson, MS (MA)",28127,"Simpson, MS"
27140,"Jackson, MS (MA)",28163,"Yazoo, MS"
27180,"Jackson, TN (MA)",47023,"Chester, TN"
27180,"Jackson, TN (MA)",47033,"Crockett, TN"
27180,"Jackson, TN (MA)",47053,"Gibson, TN"
27180,"Jackson, TN (MA)",47113,"Madison, TN"
27260,"Jacksonville, FL (MA)",12003,"Baker, FL"
27260,"Jacksonville, FL (MA)",12019,"Clay, FL"
27260,"Jacksonville, FL (MA)",12031,"Duval, FL"
27260,"Jacksonville, FL (MA)",12089,"Nassau, FL"
27260,"Jacksonville, FL (MA)",12109,"St. Johns, FL"
27340,"Jacksonville, NC (MA)",37133,"Onslow, NC"
27500,"Janesville-Beloit, WI (MA)",55105,"Rock, WI"
27620,"Jefferson City, MO (MA)",29027,"Callaway, MO"
27620,"Jefferson City, MO (MA)",29051,"Cole, MO"
27620,"Jefferson City, MO (MA)",29135,"Moniteau, MO"
27620,"Jefferson City, MO (MA)",29151,"Osage, MO"
27740,"Johnson City, TN (MA)",47019,"Carter, TN"
27740,"Johnson City, TN (MA)",47171,"Unicoi, TN"
27740,"Johnson City, TN (MA)",47179,"Washington, TN"
27780,"Johnstown, PA (MA)",42021,"Cambria, PA"
27860,"Jonesboro, AR (MA)",5031,"Craighead, AR"
27860,"Jonesboro, AR (MA)",5111,"Poinsett, AR"
27900,"Joplin, MO (MA)",29097,"Jasper, MO"
27900,"Joplin, MO (MA)",29145,"Newton, MO"
27980,"Kahului-Wailuku-Lahaina, HI (MA)",15901,"Maui + Kalawao, HI"
28020,"Kalamazoo-Portage, MI (MA)",26077,"Kalamazoo, MI"
28100,"Kankakee, IL (MA)",17091,"Kankakee, IL"
28140,"Kansas City, MO-KS (MA)",20091,"Johnson, KS"
28140,"Kansas City, MO-KS (MA)",20103,"Leavenworth, KS"
28140,"Kansas City, MO-KS (MA)",20107,"Linn, KS"
28140,"Kansas City, MO-KS (MA)",20121,"Miami, KS"
28140,"Kansas City, MO-KS (MA)",20209,"Wyandotte, KS"
28140,"Kansas City, MO-KS (MA)",29013,"Bates, MO"
28140,"Kansas City, MO-KS (MA)",29025,"Caldwell, MO"
28140,"Kansas City, MO-KS (MA)",29037,"Cass, MO"
28140,"Kansas City, MO-KS (MA)",29047,"Clay, MO"
28140,"Kansas City, MO-KS (MA)",29049,"Clinton, MO"
28140,"Kansas City, MO-KS (MA)",29095,"Jackson, MO"
28140,"Kansas City, MO-KS (MA)",29107,"Lafayette, MO"
28140,"Kansas City, MO-KS (MA)",29165,"Platte, MO"
28140,"Kansas City, MO-KS (MA)",29177,"Ray, MO"
28420,"Kennewick-Richland, WA (MA)",53005,"Benton, WA"
28420,"Kennewick-Richland, WA (MA)",53021,"Franklin, WA"
28660,"Killeen-Temple, TX (MA)",48027,"Bell, TX"
28660,"Killeen-Temple, TX (MA)",48099,"Coryell, TX"
28660,"Killeen-Temple, TX (MA)",48281,"Lampasas, TX"
28700,"Kingsport-Bristol, TN-VA (MA)",47073,"Hawkins, TN"
28700,"Kingsport-Bristol, TN-VA (MA)",47163,"Sullivan, TN"
28700,"Kingsport-Bristol, TN-VA (MA)",51169,"Scott, VA"
28700,"Kingsport-Bristol, TN-VA (MA)",51953,"Washington + Bristol, VA"
28740,"Kingston, NY (MA)",36111,"Ulster, NY"
28940,"Knoxville, TN (MA)",47001,"Anderson, TN"
28940,"Knoxville, TN (MA)",47009,"Blount, TN"
28940,"Knoxville, TN (MA)",47013,"Campbell, TN"
28940,"Knoxville, TN (MA)",47093,"Knox, TN"
28940,"Knoxville, TN (MA)",47105,"Loudon, TN"
28940,"Knoxville, TN (MA)",47129,"Morgan, TN"
28940,"Knoxville, TN (MA)",47145,"Roane, TN"
28940,"Knoxville, TN (MA)",47173,"Union, TN"
29020,"Kokomo, IN (MA)",18067,"Howard, IN"
29100,"La Crosse-Onalaska, WI-MN (MA)",27055,"Houston, MN"
29100,"La Crosse-Onalaska, WI-MN (MA)",55063,"La Crosse, WI"
29180,"Lafayette, LA (MA)",22001,"Acadia, LA"
29180,"Lafayette, LA (MA)",22045,"Iberia, LA"
29180,"Lafayette, LA (MA)",22055,"Lafayette, LA"
29180,"Lafayette, LA (MA)",22099,"St. Martin, LA"
29180,"Lafayette, LA (MA)",22113,"Vermilion, LA"
29200,"Lafayette-West Lafayette, IN (MA)",18007,"Benton, IN"
29200,"Lafayette-West Lafayette, IN (MA)",18015,"Carroll, IN"
29200,"Lafayette-West Lafayette, IN (MA)",18157,"Tippecanoe, IN"
29200,"Lafayette-West Lafayette, IN (MA)",18171,"Warren, IN"
29340,"Lake Charles, LA (MA)",22019,"Calcasieu, LA"
29340,"Lake Charles, LA (MA)",22023,"Cameron, LA"
29420,"Lake Havasu City-Kingman, AZ (MA)",4015,"Mohave, AZ"
29460,"Lakeland-Winter Haven, FL (MA)",12105,"Polk, FL"
29540,"Lancaster, PA (MA)",42071,"Lancaster, PA"
29620,"Lansing-East Lansing, MI (MA)",26037,"Clinton, MI"
29620,"Lansing-East Lansing, MI (MA)",26045,"Eaton, MI"
29620,"Lansing-East Lansing, MI (MA)",26065,"Ingham, MI"
29620,"Lansing-East Lansing, MI (MA)",26155,"Shiawassee, MI"
29700,"Laredo, TX (MA)",48479,"Webb, TX"
29740,"Las Cruces, NM (MA)",35013,"Doña Ana, NM"
29820,"Las Vegas-Henderson-Paradise, NV (MA)",32003,"Clark, NV"
29940,"Lawrence, KS (MA)",20045,"Douglas, KS"
30020,"Lawton, OK (MA)",40031,"Comanche, OK"
30020,"Lawton, OK (MA)",40033,"Cotton, OK"
30140,"Lebanon, PA (MA)",42075,"Lebanon, PA"
30300,"Lewiston, ID-WA (MA)",16069,"Nez Perce, ID"
30300,"Lewiston, ID-WA (MA)",53003,"Asotin, WA"
30340,"Lewiston-Auburn, ME (MA)",23001,"Androscoggin, ME"
30460,"Lexington-Fayette, KY (MA)",21017,"Bourbon, KY"
30460,"Lexington-Fayette, KY (MA)",21049,"Clark, KY"
30460,"Lexington-Fayette, KY (MA)",21067,"Fayette, KY"
30460,"Lexington-Fayette, KY (MA)",21113,"Jessamine, KY"
30460,"Lexington-Fayette, KY (MA)",21209,"Scott, KY"
30460,"Lexington-Fayette, KY (MA)",21239,"Woodford, KY"
30620,"Lima, OH (MA)",39003,"Allen, OH"
30700,"Lincoln, NE (MA)",31109,"Lancaster, NE"
30700,"Lincoln, NE (MA)",31159,"Seward, NE"
30780,"Little Rock-North Little Rock-Conway, AR (MA)",5045,"Faulkner, AR"
30780,"Little Rock-North Little Rock-Conway, AR (MA)",5053,"Grant, AR"
30780,"Little Rock-North Little Rock-Conway, AR (MA)",5085,"Lonoke, AR"
30780,"Little Rock-North Little Rock-Conway, AR (MA)",5105,"Perry, AR"
30780,"Little Rock-North Little Rock-Conway, AR (MA)",5119,"Pulaski, AR"
30780,"Little Rock-North Little Rock-Conway, AR (MA)",5125,"Saline, AR"
30860,"Logan, UT-ID (MA)",16041,"Franklin, ID"
30860,"Logan, UT-ID (MA)",49005,"Cache, UT"
30980,"Longview, TX (MA)",48183,"Gregg, TX"
30980,"Longview, TX (MA)",48203,"Harrison, TX"
30980,"Longview, TX (MA)",48401,"Rusk, TX"
30980,"Longview, TX (MA)",48459,"Upshur, TX"
31020,"Longview, WA (MA)",53015,"Cowlitz, WA"
31080,"Los Angeles-Long Beach-Anaheim, CA (MA)",6037,"Los Angeles, CA"
31080,"Los Angeles-Long Beach-Anaheim, CA (MA)",6059,"Orange, CA"
31140,"Louisville/Jefferson County, KY-IN (MA)",18019,"Clark, IN"
31140,"Louisville/Jefferson County, KY-IN (MA)",18043,"Floyd, IN"
31140,"Louisville/Jefferson County, KY-IN (MA)",18061,"Harrison, IN"
31140,"Louisville/Jefferson County, KY-IN (MA)",18175,"Washington, IN"
31140,"Louisville/Jefferson County, KY-IN (MA)",21029,"Bullitt, KY"
31140,"Louisville/Jefferson County, KY-IN (MA)",21103,"Henry, KY"
31140,"Louisville/Jefferson County, KY-IN (MA)",21111,"Jefferson, KY"
31140,"Louisville/Jefferson County, KY-IN (MA)",21185,"Oldham, KY"
31140,"Louisville/Jefferson County, KY-IN (MA)",21211,"Shelby, KY"
31140,"Louisville/Jefferson County, KY-IN (MA)",21215,"Spencer, KY"
31180,"Lubbock, TX (MA)",48107,"Crosby, TX"
31180,"Lubbock, TX (MA)",48303,"Lubbock, TX"
31180,"Lubbock, TX (MA)",48305,"Lynn, TX"
31340,"Lynchburg, VA (MA)",51009,"Amherst, VA"
31340,"Lynchburg, VA (MA)",51011,"Appomattox, VA"
31340,"Lynchburg, VA (MA)",51019,"Bedford, VA"
31340,"Lynchburg, VA (MA)",51911,"Campbell + Lynchburg, VA"
31420,"Macon-Bibb County, GA (MA)",13021,"Bibb, GA"
31420,"Macon-Bibb County, GA (MA)",13079,"Crawford, GA"
31420,"Macon-Bibb County, GA (MA)",13169,"Jones, GA"
31420,"Macon-Bibb County, GA (MA)",13207,"Monroe, GA"
31420,"Macon-Bibb County, GA (MA)",13289,"Twiggs, GA"
31460,"Madera, CA (MA)",6039,"Madera, CA"
31540,"Madison, WI (MA)",55021,"Columbia, WI"
31540,"Madison, WI (MA)",55025,"Dane, WI"
31540,"Madison, WI (MA)",55045,"Green, WI"
31540,"Madison, WI (MA)",55049,"Iowa, WI"
31700,"Manchester-Nashua, NH (MA)",33011,"Hillsborough, NH"
31740,"Manhattan, KS (MA)",20061,"Geary, KS"
31740,"Manhattan, KS (MA)",20149,"Pottawatomie, KS"
31740,"Manhattan, KS (MA)",20161,"Riley, KS"
31860,"Mankato, MN (MA)",27013,"Blue Earth, MN"
31860,"Mankato, MN (MA)",27103,"Nicollet, MN"
31900,"Mansfield, OH (MA)",39139,"Richland, OH"
32580,"McAllen-Edinburg-Mission, TX (MA)",48215,"Hidalgo, TX"
32780,"Medford, OR (MA)",41029,"Jackson, OR"
32820,"Memphis, TN-MS-AR (MA)",5035,"Crittenden, AR"
32820,"Memphis, TN-MS-AR (MA)",28033,"DeSoto, MS"
32820,"Memphis, TN-MS-AR (MA)",28093,"Marshall, MS"
32820,"Memphis, TN-MS-AR (MA)",28137,"Tate, MS"
32820,"Memphis, TN-MS-AR (MA)",28143,"Tunica, MS"
32820,"Memphis, TN-MS-AR (MA)",47047,"Fayette, TN"
32820,"Memphis, TN-MS-AR (MA)",47157,"Shelby, TN"
32820,"Memphis, TN-MS-AR (MA)",47167,"Tipton, TN"
32900,"Merced, CA (MA)",6047,"Merced, CA"
33100,"Miami-Fort Lauderdale-Pompano Beach, FL (MA)",12011,"Broward, FL"
33100,"Miami-Fort Lauderdale-Pompano Beach, FL (MA)",12086,"Miami-Dade, FL"
33100,"Miami-Fort Lauderdale-Pompano Beach, FL (MA)",12099,"Palm Beach, FL"
33140,"Michigan City-La Porte, IN (MA)",18091,"LaPorte, IN"
33220,"Midland, MI (MA)",26111,"Midland, MI"
33260,"Midland, TX (MA)",48317,"Martin, TX"
33260,"Midland, TX (MA)",48329,"Midland, TX"
33340,"Milwaukee-Waukesha, WI (MA)",55079,"Milwaukee, WI"
33340,"Milwaukee-Waukesha, WI (MA)",55089,"Ozaukee, WI"
33340,"Milwaukee-Waukesha, WI (MA)",55131,"Washington, WI"
33340,"Milwaukee-Waukesha, WI (MA)",55133,"Waukesha, WI"
33460,"Minneapolis-St. Paul-Bloomington, MN-WI (MA)",27003,"Anoka, MN"
33460,"Minneapolis-St. Paul-Bloomington, MN-WI (MA)",27019,"Carver, MN"
33460,"Minneapolis-St. Paul-Bloomington, MN-WI (MA)",27025,"Chisago, MN"
33460,"Minneapolis-St. Paul-Bloomington, MN-WI (MA)",27037,"Dakota, MN"
33460,"Minneapolis-St. Paul-Bloomington, MN-WI (MA)",27053,"Hennepin, MN"
33460,"Minneapolis-St. Paul-Bloomington, MN-WI (MA)",27059,"Isanti, MN"
33460,"Minneapolis-St. Paul-Bloomington, MN-WI (MA)",27079,"Le Sueur, MN"
33460,"Minneapolis-St. Paul-Bloomington, MN-WI (MA)",27095,"Mille Lacs, MN"
33460,"Minneapolis-St. Paul-Bloomington, MN-WI (MA)",27123,"Ramsey, MN"
33460,"Minneapolis-St. Paul-Bloomington, MN-WI (MA)",27139,"Scott, MN"
33460,"Minneapolis-St. Paul-Bloomington, MN-WI (MA)",27141,"Sherburne, MN"
33460,"Minneapolis-St. Paul-Bloomington, MN-WI (MA)",27163,"Washington, MN"
33460,"Minneapolis-St. Paul-Bloomington, MN-WI (MA)",27171,"Wright, MN"
33460,"Minneapolis-St. Paul-Bloomington, MN-WI (MA)",55093,"Pierce, WI"
33460,"Minneapolis-St. Paul-Bloomington, MN-WI (MA)",55109,"St. Croix, WI"
33540,"Missoula, MT (MA)",30063,"Missoula, MT"
33660,"Mobile, AL (MA)",1097,"Mobile, AL"
33660,"Mobile, AL (MA)",1129,"Washington, AL"
33700,"Modesto, CA (MA)",6099,"Stanislaus, CA"
33740,"Monroe, LA (MA)",22067,"Morehouse, LA"
33740,"Monroe, LA (MA)",22073,"Ouachita, LA"
33740,"Monroe, LA (MA)",22111,"Union, LA"
33780,"Monroe, MI (MA)",26115,"Monroe, MI"
33860,"Montgomery, AL (MA)",1001,"Autauga, AL"
33860,"Montgomery, AL (MA)",1051,"Elmore, AL"
33860,"Montgomery, AL (MA)",1085,"Lowndes, AL"
33860,"Montgomery, AL (MA)",1101,"Montgomery, AL"
34060,"Morgantown, WV (MA)",54061,"Monongalia, WV"
34060,"Morgantown, WV (MA)",54077,"Preston, WV"
34100,"Morristown, TN (MA)",47057,"Grainger, TN"
34100,"Morristown, TN (MA)",47063,"Hamblen, TN"
34100,"Morristown, TN (MA)",47089,"Jefferson, TN"
34580,"Mount Vernon-Anacortes, WA (MA)",53057,"Skagit, WA"
34620,"Muncie, IN (MA)",18035,"Delaware, IN"
34740,"Muskegon, MI (MA)",26121,"Muskegon, MI"
34820,"Myrtle Beach-Conway-North Myrtle Beach, SC-NC (MA)",37019,"Brunswick, NC"
34820,"Myrtle Beach-Conway-North Myrtle Beach, SC-NC (MA)",45051,"Horry, SC"
34900,"Napa, CA (MA)",6055,"Napa, CA"
34940,"Naples-Marco Island, FL (MA)",12021,"Collier, FL"
34980,"Nashville-Davidson--Murfreesboro--Franklin, TN (MA)",47015,"Cannon, TN"
34980,"Nashville-Davidson--Murfreesboro--Franklin, TN (MA)",47021,"Cheatham, TN"
34980,"Nashville-Davidson--Murfreesboro--Franklin, TN (MA)",47037,"Davidson, TN"
34980,"Nashville-Davidson--Murfreesboro--Franklin, TN (MA)",47043,"Dickson, TN"
34980,"Nashville-Davidson--Murfreesboro--Franklin, TN (MA)",47111,"Macon, TN"
34980,"Nashville-Davidson--Murfreesboro--Franklin, TN (MA)",47119,"Maury, TN"
34980,"Nashville-Davidson--Murfreesboro--Franklin, TN (MA)",47147,"Robertson, TN"
34980,"Nashville-Davidson--Murfreesboro--Franklin, TN (MA)",47149,"Rutherford, TN"
34980,"Nashville-Davidson--Murfreesboro--Franklin, TN (MA)",47159,"Smith, TN"
34980,"Nashville-Davidson--Murfreesboro--Franklin, TN (MA)",47165,"Sumner, TN"
34980,"Nashville-Davidson--Murfreesboro--Franklin, TN (MA)",47169,"Trousdale, TN"
34980,"Nashville-Davidson--Murfreesboro--Franklin, TN (MA)",47187,"Williamson, TN"
34980,"Nashville-Davidson--Murfreesboro--Franklin, TN (MA)",47189,"Wilson, TN"
35100,"New Bern, NC (MA)",37049,"Craven, NC"
35100,"New Bern, NC (MA)",37103,"Jones, NC"
35100,"New Bern, NC (MA)",37137,"Pamlico, NC"
35300,"New Haven-Milford, CT (MA)",9009,"New Haven, CT"
35380,"New Orleans-Metairie, LA (MA)",22051,"Jefferson, LA"
35380,"New Orleans-Metairie, LA (MA)",22071,"Orleans, LA"
35380,"New Orleans-Metairie, LA (MA)",22075,"Plaquemines, LA"
35380,"New Orleans-Metairie, LA (MA)",22087,"St. Bernard, LA"
35380,"New Orleans-Metairie, LA (MA)",22089,"St. Charles, LA"
35380,"New Orleans-Metairie, LA (MA)",22093,"St. James, LA"
35380,"New Orleans-Metairie, LA (MA)",22095,"St. John the Baptist, LA"
35380,"New Orleans-Metairie, LA (MA)",22103,"St. Tammany, LA"
35620,"New York-Newark-Jersey City, NY-NJ-PA (MA)",34003,"Bergen, NJ"
35620,"New York-Newark-Jersey City, NY-NJ-PA (MA)",34013,"Essex, NJ"
35620,"New York-Newark-Jersey City, NY-NJ-PA (MA)",34017,"Hudson, NJ"
35620,"New York-Newark-Jersey City, NY-NJ-PA (MA)",34019,"Hunterdon, NJ"
35620,"New York-Newark-Jersey City, NY-NJ-PA (MA)",34023,"Middlesex, NJ"
35620,"New York-Newark-Jersey City, NY-NJ-PA (MA)",34025,"Monmouth, NJ"
35620,"New York-Newark-Jersey City, NY-NJ-PA (MA)",34027,"Morris, NJ"
35620,"New York-Newark-Jersey City, NY-NJ-PA (MA)",34029,"Ocean, NJ"
35620,"New York-Newark-Jersey City, NY-NJ-PA (MA)",34031,"Passaic, NJ"
35620,"New York-Newark-Jersey City, NY-NJ-PA (MA)",34035,"Somerset, NJ"
35620,"New York-Newark-Jersey City, NY-NJ-PA (MA)",34037,"Sussex, NJ"
35620,"New York-Newark-Jersey City, NY-NJ-PA (MA)",34039,"Union, NJ"
35620,"New York-Newark-Jersey City, NY-NJ-PA (MA)",36005,"Bronx, NY"
35620,"New York-Newark-Jersey City, NY-NJ-PA (MA)",36047,"Kings, NY"
35620,"New York-Newark-Jersey City, NY-NJ-PA (MA)",36059,"Nassau, NY"
35620,"New York-Newark-Jersey City, NY-NJ-PA (MA)",36061,"New York, NY"
35620,"New York-Newark-Jersey City, NY-NJ-PA (MA)",36079,"Putnam, NY"
35620,"New York-Newark-Jersey City, NY-NJ-PA (MA)",36081,"Queens, NY"
35620,"New York-Newark-Jersey City, NY-NJ-PA (MA)",36085,"Richmond, NY"
35620,"New York-Newark-Jersey City, NY-NJ-PA (MA)",36087,"Rockland, NY"
35620,"New York-Newark-Jersey City, NY-NJ-PA (MA)",36103,"Suffolk, NY"
35620,"New York-Newark-Jersey City, NY-NJ-PA (MA)",36119,"Westchester, NY"
35620,"New York-Newark-Jersey City, NY-NJ-PA (MA)",42103,"Pike, PA"
35660,"Niles, MI (MA)",26021,"Berrien, MI"
35840,"North Port-Sarasota-Bradenton, FL (MA)",12081,"Manatee, FL"
35840,"North Port-Sarasota-Bradenton, FL (MA)",12115,"Sarasota, FL"
35980,"Norwich-New London, CT (MA)",9011,"New London, CT"
36100,"Ocala, FL (MA)",12083,"Marion, FL"
36140,"Ocean City, NJ (MA)",34009,"Cape May, NJ"
36220,"Odessa, TX (MA)",48135,"Ector, TX"
36260,"Ogden-Clearfield, UT (MA)",49003,"Box Elder, UT"
36260,"Ogden-Clearfield, UT (MA)",49011,"Davis, UT"
36260,"Ogden-Clearfield, UT (MA)",49029,"Morgan, UT"
36260,"Ogden-Clearfield, UT (MA)",49057,"Weber, UT"
36420,"Oklahoma City, OK (MA)",40017,"Canadian, OK"
36420,"Oklahoma City, OK (MA)",40027,"Cleveland, OK"
36420,"Oklahoma City, OK (MA)",40051,"Grady, OK"
36420,"Oklahoma City, OK (MA)",40081,"Lincoln, OK"
36420,"Oklahoma City, OK (MA)",40083,"Logan, OK"
36420,"Oklahoma City, OK (MA)",40087,"McClain, OK"
36420,"Oklahoma City, OK (MA)",40109,"Oklahoma, OK"
36500,"Olympia-Lacey-Tumwater, WA (MA)",53067,"Thurston, WA"
36540,"Omaha-Council Bluffs, NE-IA (MA)",19085,"Harrison, IA"
36540,"Omaha-Council Bluffs, NE-IA (MA)",19129,"Mills, IA"
36540,"Omaha-Council Bluffs, NE-IA (MA)",19155,"Pottawattamie, IA"
36540,"Omaha-Council Bluffs, NE-IA (MA)",31025,"Cass, NE"
36540,"Omaha-Council Bluffs, NE-IA (MA)",31055,"Douglas, NE"
36540,"Omaha-Council Bluffs, NE-IA (MA)",31153,"Sarpy, NE"
36540,"Omaha-Council Bluffs, NE-IA (MA)",31155,"Saunders, NE"
36540,"Omaha-Council Bluffs, NE-IA (MA)",31177,"Washington, NE"
36740,"Orlando-Kissimmee-Sanford, FL (MA)",12069,"Lake, FL"
36740,"Orlando-Kissimmee-Sanford, FL (MA)",12095,"Orange, FL"
36740,"Orlando-Kissimmee-Sanford, FL (MA)",12097,"Osceola, FL"
36740,"Orlando-Kissimmee-Sanford, FL (MA)",12117,"Seminole, FL"
36780,"Oshkosh-Neenah, WI (MA)",55139,"Winnebago, WI"
36980,"Owensboro, KY (MA)",21059,"Daviess, KY"
36980,"Owensboro, KY (MA)",21091,"Hancock, KY"
36980,"Owensboro, KY (MA)",21149,"McLean, KY"
37100,"Oxnard-Thousand Oaks-Ventura, CA (MA)",6111,"Ventura, CA"
37340,"Palm Bay-Melbourne-Titusville, FL (MA)",12009,"Brevard, FL"
37460,"Panama City, FL (MA)",12005,"Bay, FL"
37620,"Parkersburg-Vienna, WV (MA)",54105,"Wirt, WV"
37620,"Parkersburg-Vienna, WV (MA)",54107,"Wood, WV"
37860,"Pensacola-Ferry Pass-Brent, FL (MA)",12033,"Escambia, FL"
37860,"Pensacola-Ferry Pass-Brent, FL (MA)",12113,"Santa Rosa, FL"
37900,"Peoria, IL (MA)",17057,"Fulton, IL"
37900,"Peoria, IL (MA)",17123,"Marshall, IL"
37900,"Peoria, IL (MA)",17143,"Peoria, IL"
37900,"Peoria, IL (MA)",17175,"Stark, IL"
37900,"Peoria, IL (MA)",17179,"Tazewell, IL"
37900,"Peoria, IL (MA)",17203,"Woodford, IL"
37980,"Philadelphia-Camden-Wilmington, PA-NJ-DE-MD (MA)",10003,"New Castle, DE"
37980,"Philadelphia-Camden-Wilmington, PA-NJ-DE-MD (MA)",24015,"Cecil, MD"
37980,"Philadelphia-Camden-Wilmington, PA-NJ-DE-MD (MA)",34005,"Burlington, NJ"
37980,"Philadelphia-Camden-Wilmington, PA-NJ-DE-MD (MA)",34007,"Camden, NJ"
37980,"Philadelphia-Camden-Wilmington, PA-NJ-DE-MD (MA)",34015,"Gloucester, NJ"
37980,"Philadelphia-Camden-Wilmington, PA-NJ-DE-MD (MA)",34033,"Salem, NJ"
37980,"Philadelphia-Camden-Wilmington, PA-NJ-DE-MD (MA)",42017,"Bucks, PA"
37980,"Philadelphia-Camden-Wilmington, PA-NJ-DE-MD (MA)",42029,"Chester, PA"
37980,"Philadelphia-Camden-Wilmington, PA-NJ-DE-MD (MA)",42045,"Delaware, PA"
37980,"Philadelphia-Camden-Wilmington, PA-NJ-DE-MD (MA)",42091,"Montgomery, PA"
37980,"Philadelphia-Camden-Wilmington, PA-NJ-DE-MD (MA)",42101,"Philadelphia, PA"
38060,"Phoenix-Mesa-Chandler, AZ (MA)",4013,"Maricopa, AZ"
38060,"Phoenix-Mesa-Chandler, AZ (MA)",4021,"Pinal, AZ"
38220,"Pine Bluff, AR (MA)",5025,"Cleveland, AR"
38220,"Pine Bluff, AR (MA)",5069,"Jefferson, AR"
38220,"Pine Bluff, AR (MA)",5079,"Lincoln, AR"
38300,"Pittsburgh, PA (MA)",42003,"Allegheny, PA"
38300,"Pittsburgh, PA (MA)",42005,"Armstrong, PA"
38300,"Pittsburgh, PA (MA)",42007,"Beaver, PA"
38300,"Pittsburgh, PA (MA)",42019,"Butler, PA"
38300,"Pittsburgh, PA (MA)",42051,"Fayette, PA"
38300,"Pittsburgh, PA (MA)",42125,"Washington, PA"
38300,"Pittsburgh, PA (MA)",42129,"Westmoreland, PA"
38340,"Pittsfield, MA (MA)",25003,"Berkshire, MA"
38540,"Pocatello, ID (MA)",16005,"Bannock, ID"
38540,"Pocatello, ID (MA)",16077,"Power, ID"
38860,"Portland-South Portland, ME (MA)",23005,"Cumberland, ME"
38860,"Portland-South Portland, ME (MA)",23023,"Sagadahoc, ME"
38860,"Portland-South Portland, ME (MA)",23031,"York, ME"
38900,"Portland-Vancouver-Hillsboro, OR-WA (MA)",41005,"Clackamas, OR"
38900,"Portland-Vancouver-Hillsboro, OR-WA (MA)",41009,"Columbia, OR"
38900,"Portland-Vancouver-Hillsboro, OR-WA (MA)",41051,"Multnomah, OR"
38900,"Portland-Vancouver-Hillsboro, OR-WA (MA)",41067,"Washington, OR"
38900,"Portland-Vancouver-Hillsboro, OR-WA (MA)",41071,"Yamhill, OR"
38900,"Portland-Vancouver-Hillsboro, OR-WA (MA)",53011,"Clark, WA"
38900,"Portland-Vancouver-Hillsboro, OR-WA (MA)",53059,"Skamania, WA"
38940,"Port St. Lucie, FL (MA)",12085,"Martin, FL"
38940,"Port St. Lucie, FL (MA)",12111,"St. Lucie, FL"
39100,"Poughkeepsie-Newburgh-Middletown, NY (MA)",36027,"Dutchess, NY"
39100,"Poughkeepsie-Newburgh-Middletown, NY (MA)",36071,"Orange, NY"
39150,"Prescott Valley-Prescott, AZ (MA)",4025,"Yavapai, AZ"
39300,"Providence-Warwick, RI-MA (MA)",25005,"Bristol, MA"
39300,"Providence-Warwick, RI-MA (MA)",44001,"Bristol, RI"
39300,"Providence-Warwick, RI-MA (MA)",44003,"Kent, RI"
39300,"Providence-Warwick, RI-MA (MA)",44005,"Newport, RI"
39300,"Providence-Warwick, RI-MA (MA)",44007,"Providence, RI"
39300,"Providence-Warwick, RI-MA (MA)",44009,"Washington, RI"
39340,"Provo-Orem, UT (MA)",49023,"Juab, UT"
39340,"Provo-Orem, UT (MA)",49049,"Utah, UT"
39380,"Pueblo, CO (MA)",8101,"Pueblo, CO"
39460,"Punta Gorda, FL (MA)",12015,"Charlotte, FL"
39540,"Racine, WI (MA)",55101,"Racine, WI"
39580,"Raleigh-Cary, NC (MA)",37069,"Franklin, NC"
39580,"Raleigh-Cary, NC (MA)",37101,"Johnston, NC"
39580,"Raleigh-Cary, NC (MA)",37183,"Wake, NC"
39660,"Rapid City, SD (MA)",46093,"Meade, SD"
39660,"Rapid City, SD (MA)",46103,"Pennington, SD"
39740,"Reading, PA (MA)",42011,"Berks, PA"
39820,"Redding, CA (MA)",6089,"Shasta, CA"
39900,"Reno, NV (MA)",32029,"Storey, NV"
39900,"Reno, NV (MA)",32031,"Washoe, NV"
40060,"Richmond, VA (MA)",51007,"Amelia, VA"
40060,"Richmond, VA (MA)",51036,"Charles City, VA"
40060,"Richmond, VA (MA)",51041,"Chesterfield, VA"
40060,"Richmond, VA (MA)",51075,"Goochland, VA"
40060,"Richmond, VA (MA)",51085,"Hanover, VA"
40060,"Richmond, VA (MA)",51087,"Henrico, VA"
40060,"Richmond, VA (MA)",51097,"King and Queen, VA"
40060,"Richmond, VA (MA)",51101,"King William, VA"
40060,"Richmond, VA (MA)",51127,"New Kent, VA"
40060,"Richmond, VA (MA)",51145,"Powhatan, VA"
40060,"Richmond, VA (MA)",51183,"Sussex, VA"
40060,"Richmond, VA (MA)",51760,"Richmond (Independent City), VA"
40060,"Richmond, VA (MA)",51918,"Dinwiddie, Colonial Heights + Petersburg, VA"
40060,"Richmond, VA (MA)",51941,"Prince George + Hopewell, VA"
40140,"Riverside-San Bernardino-Ontario, CA (MA)",6065,"Riverside, CA"
40140,"Riverside-San Bernardino-Ontario, CA (MA)",6071,"San Bernardino, CA"
40220,"Roanoke, VA (MA)",51023,"Botetourt, VA"
40220,"Roanoke, VA (MA)",51045,"Craig, VA"
40220,"Roanoke, VA (MA)",51067,"Franklin, VA"
40220,"Roanoke, VA (MA)",51770,"Roanoke (Independent City), VA"
40220,"Roanoke, VA (MA)",51944,"Roanoke + Salem, VA"
40340,"Rochester, MN (MA)",27039,"Dodge, MN"
40340,"Rochester, MN (MA)",27045,"Fillmore, MN"
40340,"Rochester, MN (MA)",27109,"Olmsted, MN"
40340,"Rochester, MN (MA)",27157,"Wabasha, MN"
40380,"Rochester, NY (MA)",36051,"Livingston, NY"
40380,"Rochester, NY (MA)",36055,"Monroe, NY"
40380,"Rochester, NY (MA)",36069,"Ontario, NY"
40380,"Rochester, NY (MA)",36073,"Orleans, NY"
40380,"Rochester, NY (MA)",36117,"Wayne, NY"
40380,"Rochester, NY (MA)",36123,"Yates, NY"
40420,"Rockford, IL (MA)",17007,"Boone, IL"
40420,"Rockford, IL (MA)",17201,"Winnebago, IL"
40580,"Rocky Mount, NC (MA)",37065,"Edgecombe, NC"
40580,"Rocky Mount, NC (MA)",37127,"Nash, NC"
40660,"Rome, GA (MA)",13115,"Floyd, GA"
40900,"Sacramento-Roseville-Folsom, CA (MA)",6017,"El Dorado, CA"
40900,"Sacramento-Roseville-Folsom, CA (MA)",6061,"Placer, CA"
40900,"Sacramento-Roseville-Folsom, CA (MA)",6067,"Sacramento, CA"
40900,"Sacramento-Roseville-Folsom, CA (MA)",6113,"Yolo, CA"
40980,"Saginaw, MI (MA)",26145,"Saginaw, MI"
41060,"St. Cloud, MN (MA)",27009,"Benton, MN"
41060,"St. Cloud, MN (MA)",27145,"Stearns, MN"
41100,"St. George, UT (MA)",49053,"Washington, UT"
41140,"St. Joseph, MO-KS (MA)",20043,"Doniphan, KS"
41140,"St. Joseph, MO-KS (MA)",29003,"Andrew, MO"
41140,"St. Joseph, MO-KS (MA)",29021,"Buchanan, MO"
41140,"St. Joseph, MO-KS (MA)",29063,"DeKalb, MO"
41180,"St. Louis, MO-IL (MA)",17005,"Bond, IL"
41180,"St. Louis, MO-IL (MA)",17013,"Calhoun, IL"
41180,"St. Louis, MO-IL (MA)",17027,"Clinton, IL"
41180,"St. Louis, MO-IL (MA)",17083,"Jersey, IL"
41180,"St. Louis, MO-IL (MA)",17117,"Macoupin, IL"
41180,"St. Louis, MO-IL (MA)",17119,"Madison, IL"
41180,"St. Louis, MO-IL (MA)",17133,"Monroe, IL"
41180,"St. Louis, MO-IL (MA)",17163,"St. Clair, IL"
41180,"St. Louis, MO-IL (MA)",29071,"Franklin, MO"
41180,"St. Louis, MO-IL (MA)",29099,"Jefferson, MO"
41180,"St. Louis, MO-IL (MA)",29113,"Lincoln, MO"
41180,"St. Louis, MO-IL (MA)",29183,"St. Charles, MO"
41180,"St. Louis, MO-IL (MA)",29189,"St. Louis, MO"
41180,"St. Louis, MO-IL (MA)",29219,"Warren, MO"
41180,"St. Louis, MO-IL (MA)",29510,"St. Louis (Independent City), MO"
41420,"Salem, OR (MA)",41047,"Marion, OR"
41420,"Salem, OR (MA)",41053,"Polk, OR"
41500,"Salinas, CA (MA)",6053,"Monterey, CA"
41540,"Salisbury, MD-DE (MA)",10005,"Sussex, DE"
41540,"Salisbury, MD-DE (MA)",24039,"Somerset, MD"
41540,"Salisbury, MD-DE (MA)",24045,"Wicomico, MD"
41540,"Salisbury, MD-DE (MA)",24047,"Worcester, MD"
41620,"Salt Lake City, UT (MA)",49035,"Salt Lake, UT"
41620,"Salt Lake City, UT (MA)",49045,"Tooele, UT"
41660,"San Angelo, TX (MA)",48235,"Irion, TX"
41660,"San Angelo, TX (MA)",48431,"Sterling, TX"
41660,"San Angelo, TX (MA)",48451,"Tom Green, TX"
41700,"San Antonio-New Braunfels, TX (MA)",48013,"Atascosa, TX"
41700,"San Antonio-New Braunfels, TX (MA)",48019,"Bandera, TX"
41700,"San Antonio-New Braunfels, TX (MA)",48029,"Bexar, TX"
41700,"San Antonio-New Braunfels, TX (MA)",48091,"Comal, TX"
41700,"San Antonio-New Braunfels, TX (MA)",48187,"Guadalupe, TX"
41700,"San Antonio-New Braunfels, TX (MA)",48259,"Kendall, TX"
41700,"San Antonio-New Braunfels, TX (MA)",48325,"Medina, TX"
41700,"San Antonio-New Braunfels, TX (MA)",48493,"Wilson, TX"
41740,"San Diego-Chula Vista-Carlsbad, CA (MA)",6073,"San Diego, CA"
41860,"San Francisco-Oakland-Berkeley, CA (MA)",6001,"Alameda, CA"
41860,"San Francisco-Oakland-Berkeley, CA (MA)",6013,"Contra Costa, CA"
41860,"San Francisco-Oakland-Berkeley, CA (MA)",6041,"Marin, CA"
41860,"San Francisco-Oakland-Berkeley, CA (MA)",6075,"San Francisco, CA"
41860,"San Francisco-Oakland-Berkeley, CA (MA)",6081,"San Mateo, CA"
41940,"San Jose-Sunnyvale-Santa Clara, CA (MA)",6069,"San Benito, CA"
41940,"San Jose-Sunnyvale-Santa Clara, CA (MA)",6085,"Santa Clara, CA"
42020,"San Luis Obispo-Paso Robles, CA (MA)",6079,"San Luis Obispo, CA"
42100,"Santa Cruz-Watsonville, CA (MA)",6087,"Santa Cruz, CA"
42140,"Santa Fe, NM (MA)",35049,"Santa Fe, NM"
42200,"Santa Maria-Santa Barbara, CA (MA)",6083,"Santa Barbara, CA"
42220,"Santa Rosa-Petaluma, CA (MA)",6097,"Sonoma, CA"
42340,"Savannah, GA (MA)",13029,"Bryan, GA"
42340,"Savannah, GA (MA)",13051,"Chatham, GA"
42340,"Savannah, GA (MA)",13103,"Effingham, GA"
42540,"Scranton--Wilkes-Barre, PA (MA)",42069,"Lackawanna, PA"
42540,"Scranton--Wilkes-Barre, PA (MA)",42079,"Luzerne, PA"
42540,"Scranton--Wilkes-Barre, PA (MA)",42131,"Wyoming, PA"
42660,"Seattle-Tacoma-Bellevue, WA (MA)",53033,"King, WA"
42660,"Seattle-Tacoma-Bellevue, WA (MA)",53053,"Pierce, WA"
42660,"Seattle-Tacoma-Bellevue, WA (MA)",53061,"Snohomish, WA"
42680,"Sebastian-Vero Beach, FL (MA)",12061,"Indian River, FL"
42700,"Sebring-Avon Park, FL (MA)",12055,"Highlands, FL"
43100,"Sheboygan, WI (MA)",55117,"Sheboygan, WI"
43300,"Sherman-Denison, TX (MA)",48181,"Grayson, TX"
43340,"Shreveport-Bossier City, LA (MA)",22015,"Bossier, LA"
43340,"Shreveport-Bossier City, LA (MA)",22017,"Caddo, LA"
43340,"Shreveport-Bossier City, LA (MA)",22031,"De Soto, LA"
43420,"Sierra Vista-Douglas, AZ (MA)",4003,"Cochise, AZ"
43580,"Sioux City, IA-NE-SD (MA)",19193,"Woodbury, IA"
43580,"Sioux City, IA-NE-SD (MA)",31043,"Dakota, NE"
43580,"Sioux City, IA-NE-SD (MA)",31051,"Dixon, NE"
43580,"Sioux City, IA-NE-SD (MA)",46127,"Union, SD"
43620,"Sioux Falls, SD (MA)",46083,"Lincoln, SD"
43620,"Sioux Falls, SD (MA)",46087,"McCook, SD"
43620,"Sioux Falls, SD (MA)",46099,"Minnehaha, SD"
43620,"Sioux Falls, SD (MA)",46125,"Turner, SD"
43780,"South Bend-Mishawaka, IN-MI (MA)",18141,"St. Joseph, IN"
43780,"South Bend-Mishawaka, IN-MI (MA)",26027,"Cass, MI"
43900,"Spartanburg, SC (MA)",45083,"Spartanburg, SC"
44060,"Spokane-Spokane Valley, WA (MA)",53063,"Spokane, WA"
44060,"Spokane-Spokane Valley, WA (MA)",53065,"Stevens, WA"
44100,"Springfield, IL (MA)",17129,"Menard, IL"
44100,"Springfield, IL (MA)",17167,"Sangamon, IL"
44140,"Springfield, MA (MA)",25011,"Franklin, MA"
44140,"Springfield, MA (MA)",25013,"Hampden, MA"
44140,"Springfield, MA (MA)",25015,"Hampshire, MA"
44180,"Springfield, MO (MA)",29043,"Christian, MO"
44180,"Springfield, MO (MA)",29059,"Dallas, MO"
44180,"Springfield, MO (MA)",29077,"Greene, MO"
44180,"Springfield, MO (MA)",29167,"Polk, MO"
44180,"Springfield, MO (MA)",29225,"Webster, MO"
44220,"Springfield, OH (MA)",39023,"Clark, OH"
44300,"State College, PA (MA)",42027,"Centre, PA"
44420,"Staunton, VA (MA)",51907,"Augusta, Staunton + Waynesboro, VA"
44700,"Stockton, CA (MA)",6077,"San Joaquin, CA"
44940,"Sumter, SC (MA)",45027,"Clarendon, SC"
44940,"Sumter, SC (MA)",45085,"Sumter, SC"
45060,"Syracuse, NY (MA)",36053,"Madison, NY"
45060,"Syracuse, NY (MA)",36067,"Onondaga, NY"
45060,"Syracuse, NY (MA)",36075,"Oswego, NY"
45220,"Tallahassee, FL (MA)",12039,"Gadsden, FL"
45220,"Tallahassee, FL (MA)",12065,"Jefferson, FL"
45220,"Tallahassee, FL (MA)",12073,"Leon, FL"
45220,"Tallahassee, FL (MA)",12129,"Wakulla, FL"
45300,"Tampa-St. Petersburg-Clearwater, FL (MA)",12053,"Hernando, FL"
45300,"Tampa-St. Petersburg-Clearwater, FL (MA)",12057,"Hillsborough, FL"
45300,"Tampa-St. Petersburg-Clearwater, FL (MA)",12101,"Pasco, FL"
45300,"Tampa-St. Petersburg-Clearwater, FL (MA)",12103,"Pinellas, FL"
45460,"Terre Haute, IN (MA)",18021,"Clay, IN"
45460,"Terre Haute, IN (MA)",18121,"Parke, IN"
45460,"Terre Haute, IN (MA)",18153,"Sullivan, IN"
45460,"Terre Haute, IN (MA)",18165,"Vermillion, IN"
45460,"Terre Haute, IN (MA)",18167,"Vigo, IN"
45500,"Texarkana, TX-AR (MA)",5081,"Little River, AR"
45500,"Texarkana, TX-AR (MA)",5091,"Miller, AR"
45500,"Texarkana, TX-AR (MA)",48037,"Bowie, TX"
45540,"The Villages, FL (MA)",12119,"Sumter, FL"
45780,"Toledo, OH (MA)",39051,"Fulton, OH"
45780,"Toledo, OH (MA)",39095,"Lucas, OH"
45780,"Toledo, OH (MA)",39123,"Ottawa, OH"
45780,"Toledo, OH (MA)",39173,"Wood, OH"
45820,"Topeka, KS (MA)",20085,"Jackson, KS"
45820,"Topeka, KS (MA)",20087,"Jefferson, KS"
45820,"Topeka, KS (MA)",20139,"Osage, KS"
45820,"Topeka, KS (MA)",20177,"Shawnee, KS"
45820,"Topeka, KS (MA)",20197,"Wabaunsee, KS"
45940,"Trenton-Princeton, NJ (MA)",34021,"Mercer, NJ"
46060,"Tucson, AZ (MA)",4019,"Pima, AZ"
46140,"Tulsa, OK (MA)",40037,"Creek, OK"
46140,"Tulsa, OK (MA)",40111,"Okmulgee, OK"
46140,"Tulsa, OK (MA)",40113,"Osage, OK"
46140,"Tulsa, OK (MA)",40117,"Pawnee, OK"
46140,"Tulsa, OK (MA)",40131,"Rogers, OK"
46140,"Tulsa, OK (MA)",40143,"Tulsa, OK"
46140,"Tulsa, OK (MA)",40145,"Wagoner, OK"
46220,"Tuscaloosa, AL (MA)",1063,"Greene, AL"
46220,"Tuscaloosa, AL (MA)",1065,"Hale, AL"
46220,"Tuscaloosa, AL (MA)",1107,"Pickens, AL"
46220,"Tuscaloosa, AL (MA)",1125,"Tuscaloosa, AL"
46300,"Twin Falls, ID (MA)",16053,"Jerome, ID"
46300,"Twin Falls, ID (MA)",16083,"Twin Falls, ID"
46340,"Tyler, TX (MA)",48423,"Smith, TX"
46520,"Urban Honolulu, HI (MA)",15003,"Honolulu, HI"
46540,"Utica-Rome, NY (MA)",36043,"Herkimer, NY"
46540,"Utica-Rome, NY (MA)",36065,"Oneida, NY"
46660,"Valdosta, GA (MA)",13027,"Brooks, GA"
46660,"Valdosta, GA (MA)",13101,"Echols, GA"
46660,"Valdosta, GA (MA)",13173,"Lanier, GA"
46660,"Valdosta, GA (MA)",13185,"Lowndes, GA"
46700,"Vallejo, CA (MA)",6095,"Solano, CA"
47020,"Victoria, TX (MA)",48175,"Goliad, TX"
47020,"Victoria, TX (MA)",48469,"Victoria, TX"
47220,"Vineland-Bridgeton, NJ (MA)",34011,"Cumberland, NJ"
47260,"Virginia Beach-Norfolk-Newport News, VA-NC (MA)",37029,"Camden, NC"
47260,"Virginia Beach-Norfolk-Newport News, VA-NC (MA)",37053,"Currituck, NC"
47260,"Virginia Beach-Norfolk-Newport News, VA-NC (MA)",37073,"Gates, NC"
47260,"Virginia Beach-Norfolk-Newport News, VA-NC (MA)",51073,"Gloucester, VA"
47260,"Virginia Beach-Norfolk-Newport News, VA-NC (MA)",51093,"Isle of Wight, VA"
47260,"Virginia Beach-Norfolk-Newport News, VA-NC (MA)",51115,"Mathews, VA"
47260,"Virginia Beach-Norfolk-Newport News, VA-NC (MA)",51550,"Chesapeake (Independent City), VA"
47260,"Virginia Beach-Norfolk-Newport News, VA-NC (MA)",51650,"Hampton (Independent City), VA"
47260,"Virginia Beach-Norfolk-Newport News, VA-NC (MA)",51700,"Newport News (Independent City), VA"
47260,"Virginia Beach-Norfolk-Newport News, VA-NC (MA)",51710,"Norfolk (Independent City), VA"
47260,"Virginia Beach-Norfolk-Newport News, VA-NC (MA)",51740,"Portsmouth (Independent City), VA"
47260,"Virginia Beach-Norfolk-Newport News, VA-NC (MA)",51800,"Suffolk (Independent City), VA"
47260,"Virginia Beach-Norfolk-Newport News, VA-NC (MA)",51810,"Virginia Beach (Independent City), VA"
47260,"Virginia Beach-Norfolk-Newport News, VA-NC (MA)",51931,"James City + Williamsburg, VA"
47260,"Virginia Beach-Norfolk-Newport News, VA-NC (MA)",51949,"Southampton + Franklin, VA"
47260,"Virginia Beach-Norfolk-Newport News, VA-NC (MA)",51958,"York + Poquoson, VA"
47300,"Visalia, CA (MA)",6107,"Tulare, CA"
47380,"Waco, TX (MA)",48145,"Falls, TX"
47380,"Waco, TX (MA)",48309,"McLennan, TX"
47460,"Walla Walla, WA (MA)",53071,"Walla Walla, WA"
47580,"Warner Robins, GA (MA)",13153,"Houston, GA"
47580,"Warner Robins, GA (MA)",13225,"Peach, GA"
47900,"Washington-Arlington-Alexandria, DC-VA-MD-WV (MA)",11001,"District of Columbia, DC"
47900,"Washington-Arlington-Alexandria, DC-VA-MD-WV (MA)",24009,"Calvert, MD"
47900,"Washington-Arlington-Alexandria, DC-VA-MD-WV (MA)",24017,"Charles, MD"
47900,"Washington-Arlington-Alexandria, DC-VA-MD-WV (MA)",24021,"Frederick, MD"
47900,"Washington-Arlington-Alexandria, DC-VA-MD-WV (MA)",24031,"Montgomery, MD"
47900,"Washington-Arlington-Alexandria, DC-VA-MD-WV (MA)",24033,"Prince George's, MD"
47900,"Washington-Arlington-Alexandria, DC-VA-MD-WV (MA)",51013,"Arlington, VA"
47900,"Washington-Arlington-Alexandria, DC-VA-MD-WV (MA)",51043,"Clarke, VA"
47900,"Washington-Arlington-Alexandria, DC-VA-MD-WV (MA)",51047,"Culpeper, VA"
47900,"Washington-Arlington-Alexandria, DC-VA-MD-WV (MA)",51061,"Fauquier, VA"
47900,"Washington-Arlington-Alexandria, DC-VA-MD-WV (MA)",51107,"Loudoun, VA"
47900,"Washington-Arlington-Alexandria, DC-VA-MD-WV (MA)",51113,"Madison, VA"
47900,"Washington-Arlington-Alexandria, DC-VA-MD-WV (MA)",51157,"Rappahannock, VA"
47900,"Washington-Arlington-Alexandria, DC-VA-MD-WV (MA)",51179,"Stafford, VA"
47900,"Washington-Arlington-Alexandria, DC-VA-MD-WV (MA)",51187,"Warren, VA"
47900,"Washington-Arlington-Alexandria, DC-VA-MD-WV (MA)",51510,"Alexandria (Independent City), VA"
47900,"Washington-Arlington-Alexandria, DC-VA-MD-WV (MA)",51919,"Fairfax, Fairfax City + Falls Church, VA"
47900,"Washington-Arlington-Alexandria, DC-VA-MD-WV (MA)",51942,"Prince William, Manassas + Manassas Park, VA"
47900,"Washington-Arlington-Alexandria, DC-VA-MD-WV (MA)",51951,"Spotsylvania + Fredericksburg, VA"
47900,"Washington-Arlington-Alexandria, DC-VA-MD-WV (MA)",54037,"Jefferson, WV"
47940,"Waterloo-Cedar Falls, IA (MA)",19013,"Black Hawk, IA"
47940,"Waterloo-Cedar Falls, IA (MA)",19017,"Bremer, IA"
47940,"Waterloo-Cedar Falls, IA (MA)",19075,"Grundy, IA"
48060,"Watertown-Fort Drum, NY (MA)",36045,"Jefferson, NY"
48140,"Wausau-Weston, WI (MA)",55069,"Lincoln, WI"
48140,"Wausau-Weston, WI (MA)",55073,"Marathon, WI"
48260,"Weirton-Steubenville, WV-OH (MA)",39081,"Jefferson, OH"
48260,"Weirton-Steubenville, WV-OH (MA)",54009,"Brooke, WV"
48260,"Weirton-Steubenville, WV-OH (MA)",54029,"Hancock, WV"
48300,"Wenatchee, WA (MA)",53007,"Chelan, WA"
48300,"Wenatchee, WA (MA)",53017,"Douglas, WA"
48540,"Wheeling, WV-OH (MA)",39013,"Belmont, OH"
48540,"Wheeling, WV-OH (MA)",54051,"Marshall, WV"
48540,"Wheeling, WV-OH (MA)",54069,"Ohio, WV"
48620,"Wichita, KS (MA)",20015,"Butler, KS"
48620,"Wichita, KS (MA)",20079,"Harvey, KS"
48620,"Wichita, KS (MA)",20173,"Sedgwick, KS"
48620,"Wichita, KS (MA)",20191,"Sumner, KS"
48660,"Wichita Falls, TX (MA)",48009,"Archer, TX"
48660,"Wichita Falls, TX (MA)",48077,"Clay, TX"
48660,"Wichita Falls, TX (MA)",48485,"Wichita, TX"
48700,"Williamsport, PA (MA)",42081,"Lycoming, PA"
48900,"Wilmington, NC (MA)",37129,"New Hanover, NC"
48900,"Wilmington, NC (MA)",37141,"Pender, NC"
49020,"Winchester, VA-WV (MA)",51921,"Frederick + Winchester, VA"
49020,"Winchester, VA-WV (MA)",54027,"Hampshire, WV"
49180,"Winston-Salem, NC (MA)",37057,"Davidson, NC"
49180,"Winston-Salem, NC (MA)",37059,"Davie, NC"
49180,"Winston-Salem, NC (MA)",37067,"Forsyth, NC"
49180,"Winston-Salem, NC (MA)",37169,"Stokes, NC"
49180,"Winston-Salem, NC (MA)",37197,"Yadkin, NC"
49340,"Worcester, MA-CT (MA)",9015,"Windham, CT"
49340,"Worcester, MA-CT (MA)",25027,"Worcester, MA"
49420,"Yakima, WA (MA)",53077,"Yakima, WA"
49620,"York-Hanover, PA (MA)",42133,"York, PA"
49660,"Youngstown-Warren-Boardman, OH-PA (MA)",39099,"Mahoning, OH"
49660,"Youngstown-Warren-Boardman, OH-PA (MA)",39155,"Trumbull, OH"
49660,"Youngstown-Warren-Boardman, OH-PA (MA)",42085,"Mercer, PA"
49700,"Yuba City, CA (MA)",6101,"Sutter, CA"
49700,"Yuba City, CA (MA)",6115,"Yuba, CA"
49740,"Yuma, AZ (MA)",4027,"Yuma, AZ"
